A,k,e
A,d,a,m
B,a,k,e,r
A,a,r,o,n
B,o,n,d
A,n,d,r,e
B,r,a,g,g
A,d,e,l,a,i,d,a
B,r,e,e,d
A,n,d,r,e,a
D,a,v,i,s
A,n,n
D,u,l,a,n,e,y
A,l,b,e,r,t
G,a,l,l,o
A,m,a,n,d,a
G,i,v,e,n,s
A,m,a,n,d,a
H,a,y,w,o,o,d
A,n,d,r,a
H,o,n,g
A,m,a,l,i,a
H,u,n,t
A,u,s,t,i,n
J,e,n,n,i,n,g,s
A,n,n,a
J,i,m
A,l,l,e,n,e
J,o,h,n,s,o,n
A,n,i,t,a
J,o,n,e,s
A,m,y
L,a,w,s,o,n
A,s,h,l,e,y
L,o,p,e,z
A,m,a,n,d,a
M,c,C,l,u,r,e
A,m,y
M,c,D,a,n,i,e,l
A,n,t,o,i,n,e
M,o,o,r,e
A,l,m,a
O,n,e,i,l
A,l,i,c,e
P,a,r,k,e,r
A,n,t,h,o,n,y
R,i,c,h,a,r,d,s,o,n
A,l,f,r,e,d,o
S,a,l,a,s
A,n,n
S,c,o,t,t
A,r,t,u,r,o
S,e,x,t,o,n
A,p,r,i,l
S,t,a,r,r
A,l,i,c,e
S,t,e,p,h,e,n,s
A,d,e,l,i,n,a
S,t,e,v,e,n,s,o,n
A,m,b,e,r
S,u,m,l,i,n
A,n,n,e
V,e,s,s
A,i,m,e,e
W,i,l,l,i,a,m,s
A,l,b,e,r,t,o
W,i,l,s,o,n
A,l,b,e,r,t,o
W,o,r,k,m,a,n
A,n,d,r,e,w
W,r,i,g,h,t
A,l,e,x
